{"Labels": {"_type": "images/separated", "width": 1600, "height": 1600, "format": "jpg", "count": 2, "filenames": ["media/images/Labels_0_a31298fb7eb165999d0e.jpg", "media/images/Labels_0_f1cd8111274f5e713ebf.jpg"], "captions": ["labels.jpg", "labels_correlogram.jpg"]}, "Mosaics": {"_type": "images/separated", "width": 1024, "height": 1024, "format": "jpg", "count": 3, "filenames": ["media/images/Mosaics_0_266a9e4ee611ab2b6910.jpg", "media/images/Mosaics_0_8d969dbe15c8fa22ca8d.jpg", "media/images/Mosaics_0_8fb935e47646341232f7.jpg"], "captions": ["train_batch0.jpg", "train_batch1.jpg", "train_batch2.jpg"]}, "train/box_loss": 0.02386540360748768, "train/obj_loss": 0.015333089046180248, "train/cls_loss": 0.0024950713850557804, "metrics/precision": 0.4022207126290125, "metrics/recall": 0.2348804500703235, "metrics/mAP_0.5": 0.3348167668346619, "metrics/mAP_0.5:0.95": 0.19422470780833573, "val/box_loss": 0.03506293147802353, "val/obj_loss": 0.013843509368598461, "val/cls_loss": 0.06348927319049835, "x/lr0": 0.009683994186497132, "x/lr1": 0.009683994186497132, "x/lr2": 0.009683994186497132, "_timestamp": 1653811835, "_runtime": 2716, "_step": 242, "BoundingBoxDebugger": {"_type": "images/separated", "width": 288, "height": 288, "format": "png", "count": 16, "filenames": ["media/images/BoundingBoxDebugger_199_6dce4ae46742ba64c730.png", "media/images/BoundingBoxDebugger_199_5a6aae2f37ed47be5a6c.png", "media/images/BoundingBoxDebugger_199_edfd9ed08d0c3b03cab4.png", "media/images/BoundingBoxDebugger_199_48d9030068a5770ba6c9.png", "media/images/BoundingBoxDebugger_199_ba29acde044e891cb018.png", "media/images/BoundingBoxDebugger_199_c2720a565e07bbdd7c35.png", "media/images/BoundingBoxDebugger_199_867256a005d59299d5b3.png", "media/images/BoundingBoxDebugger_199_0b55d04601c242eb91fd.png", "media/images/BoundingBoxDebugger_199_5d1a4decd6f15e708cca.png", "media/images/BoundingBoxDebugger_199_9fdf800a9c7eb7080025.png", "media/images/BoundingBoxDebugger_199_6feb0983da8c429c2d36.png", "media/images/BoundingBoxDebugger_199_a266d9c64c0792249578.png", "media/images/BoundingBoxDebugger_199_802020fa8b4deb7b242b.png", "media/images/BoundingBoxDebugger_199_00dede77c96aaeb4ec61.png", "media/images/BoundingBoxDebugger_199_85f2b3f572e24af158c0.png", "media/images/BoundingBoxDebugger_199_a5ca7e0054f7f1f8fe0c.png"], "captions": ["EXPORT_E_286_Emergency^286_20211111132401_002.tif", "EXPORT_PUNN02031432_Unnamed 191^^_20220203143229_074.tif", "EXPORT_PUNN02031432_Unnamed 191^^_20220203143229_073.tif", "EXPORT_PUNN02031432_Unnamed 191^^_20220203143229_072.tif", "EXPORT_PUNN02031432_Unnamed 191^^_20220203143229_071.tif", "EXPORT_PUNN02031432_Unnamed 191^^_20220203143229_070.tif", "EXPORT_PUNN02031432_Unnamed 191^^_20220203143229_068.tif", "EXPORT_PUNN02031432_Unnamed 191^^_20220203143229_065.tif", "EXPORT_PUNN02031432_Unnamed 191^^_20220203143229_061.tif", "EXPORT_PUNN02031432_Unnamed 191^^_20220203143229_060.tif", "EXPORT_PUNN02031432_Unnamed 191^^_20220203143229_053.tif", "EXPORT_PUNN02031432_Unnamed 191^^_20220203143229_050.tif", "EXPORT_PUNN02031432_Unnamed 191^^_20220203143229_048.tif", "EXPORT_PUNN02031432_Unnamed 191^^_20220203143229_047.tif", "EXPORT_PUNN02031432_Unnamed 191^^_20220203143229_045.tif", "EXPORT_PUNN02031432_Unnamed 191^^_20220203143229_044.tif"], "all_boxes": [{"predictions": {"_type": "boxes2D", "sha256": "a3811caf077cc6c1efb1e323fad3faf662c82061105889555290a231dd633a92", "size": 2161, "path": "media/metadata/boxes2D/BoundingBoxDebugger_199_a3811caf077cc6c1efb1.boxes2D.json"}}, {"predictions": {"_type": "boxes2D", "sha256": "f590b5555b8b476fc12d6f9bebf6fdd1bb61b272d69934befe7787e61fe43ea9", "size": 1192, "path": "media/metadata/boxes2D/BoundingBoxDebugger_199_f590b5555b8b476fc12d.boxes2D.json"}}, {"predictions": {"_type": "boxes2D", "sha256": "2a914472bc485f193b77b8b175a883348ca8893753aef357cb498e153e5b4ddf", "size": 633, "path": "media/metadata/boxes2D/BoundingBoxDebugger_199_2a914472bc485f193b77.boxes2D.json"}}, {"predictions": {"_type": "boxes2D", "sha256": "1688d7cccd1ed6ca3ea7117b9e7313dc7de7d3cbc25aa82784564486c0c6acd2", "size": 3303, "path": "media/metadata/boxes2D/BoundingBoxDebugger_199_1688d7cccd1ed6ca3ea7.boxes2D.json"}}, {"predictions": {"_type": "boxes2D", "sha256": "273c42019265bae3d61dabeb27b4c887d22950d1af048c65615ebc7718730f0e", "size": 2566, "path": "media/metadata/boxes2D/BoundingBoxDebugger_199_273c42019265bae3d61d.boxes2D.json"}}, {"predictions": {"_type": "boxes2D", "sha256": "d79647a19a33158e322c940086e694897a105121c8fb56112f4a9174e57d37a8", "size": 1759, "path": "media/metadata/boxes2D/BoundingBoxDebugger_199_d79647a19a33158e322c.boxes2D.json"}}, {"predictions": {"_type": "boxes2D", "sha256": "9a258784875a6f72523a82d7675414653d4f3e821f10861ded6e46c41874c7ad", "size": 2915, "path": "media/metadata/boxes2D/BoundingBoxDebugger_199_9a258784875a6f72523a.boxes2D.json"}}, {"predictions": {"_type": "boxes2D", "sha256": "d22f01c2b345ad6edc43d0937d4140a93eeeb6be56336067d4760e3447c8dd21", "size": 2155, "path": "media/metadata/boxes2D/BoundingBoxDebugger_199_d22f01c2b345ad6edc43.boxes2D.json"}}, {"predictions": {"_type": "boxes2D", "sha256": "c011460126def3af89371cf8a0edb4512780daec0ba160734e01930452ffcf55", "size": 1396, "path": "media/metadata/boxes2D/BoundingBoxDebugger_199_c011460126def3af8937.boxes2D.json"}}, {"predictions": {"_type": "boxes2D", "sha256": "170ea667f0369028924e6ae5ff202f1aad8bd84996c791ae64c70f349a472c4b", "size": 1010, "path": "media/metadata/boxes2D/BoundingBoxDebugger_199_170ea667f0369028924e.boxes2D.json"}}, {"predictions": {"_type": "boxes2D", "sha256": "dc1926496f883271727d68824a07f431c8fdd43910492908e5e3c9fc5c74dfda", "size": 3287, "path": "media/metadata/boxes2D/BoundingBoxDebugger_199_dc1926496f883271727d.boxes2D.json"}}, {"predictions": {"_type": "boxes2D", "sha256": "74208d28b9c99a416c48eaabe3f2bf09c62115071ed06227dbd15fafc18f5d3e", "size": 634, "path": "media/metadata/boxes2D/BoundingBoxDebugger_199_74208d28b9c99a416c48.boxes2D.json"}}, {"predictions": {"_type": "boxes2D", "sha256": "84e517223f47f008adf34c42a9b46c6fa3befd5531b199089db41d4f6871000b", "size": 3118, "path": "media/metadata/boxes2D/BoundingBoxDebugger_199_84e517223f47f008adf3.boxes2D.json"}}, {"predictions": {"_type": "boxes2D", "sha256": "32dbf2db0552c5bf0b9022332dc142203213f6d8b43b9fd9356a7ef174ad9f25", "size": 2134, "path": "media/metadata/boxes2D/BoundingBoxDebugger_199_32dbf2db0552c5bf0b90.boxes2D.json"}}, {"predictions": {"_type": "boxes2D", "sha256": "e2a62f2b542d0edcb4d5ea8ca89e6a051e3cd34067973035425bfbd2605d01a2", "size": 2518, "path": "media/metadata/boxes2D/BoundingBoxDebugger_199_e2a62f2b542d0edcb4d5.boxes2D.json"}}, {"predictions": {"_type": "boxes2D", "sha256": "22baa7e8489283808e69f4e237f42aae00ec800bddcdb76e54fc6c45e990b339", "size": 1942, "path": "media/metadata/boxes2D/BoundingBoxDebugger_199_22baa7e8489283808e69.boxes2D.json"}}]}, "Validation": {"_type": "images/separated", "width": 1152, "height": 1152, "format": "jpg", "count": 6, "filenames": ["media/images/Validation_242_1c4a9bd4ba2eaf63311e.jpg", "media/images/Validation_242_ad0ad4da66b25030806c.jpg", "media/images/Validation_242_383cf973407f2e548e38.jpg", "media/images/Validation_242_ec9b56c6eeea35fff5fe.jpg", "media/images/Validation_242_a369dcf8b4b4041a4b6f.jpg", "media/images/Validation_242_5bfeb27cc588864c1f06.jpg"], "captions": ["val_batch0_labels.jpg", "val_batch0_pred.jpg", "val_batch1_labels.jpg", "val_batch1_pred.jpg", "val_batch2_labels.jpg", "val_batch2_pred.jpg"]}, "Results": {"_type": "images/separated", "width": 2400, "height": 1200, "format": "png", "count": 6, "filenames": ["media/images/Results_242_73726605e8ff42a4401a.png", "media/images/Results_242_c4d1822e2c8cbd308ee4.png", "media/images/Results_242_ea364c65ae7896850289.png", "media/images/Results_242_3b49c22262c2477c5376.png", "media/images/Results_242_16fe6f66d21f7b80a46a.png", "media/images/Results_242_43967ab7ddbba8c7f2ee.png"],