{"best/epoch": 0, "best/precision": 0.02099186090385302, "best/recall": 0.044930340557275544, "best/mAP_0.5": 0.009642200981799194, "best/mAP_0.5:0.95": 0.0021077932903275707, "Labels": {"_type": "images/separated", "width": 1600, "height": 1600, "format": "jpg", "count": 2, "filenames": ["media/images/Labels_0_24e03aec2945ecdfcf31.jpg", "media/images/Labels_0_f1cd8111274f5e713ebf.jpg"], "captions": ["labels.jpg", "labels_correlogram.jpg"]}, "train/box_loss": 0.11184375733137131, "train/obj_loss": 0.033198677003383636, "train/cls_loss": 0.029099326580762863, "metrics/precision": 0.02099186090385302, "metrics/recall": 0.044930340557275544, "metrics/mAP_0.5": 0.009642200981799194, "metrics/mAP_0.5:0.95": 0.0021077932903275707, "val/box_loss": 0.09256114810705185, "val/obj_loss": 0.026186427101492882, "val/cls_loss": 0.028130337595939636, "x/lr0": 0.0007, "x/lr1": 0.0007, "x/lr2": 0.0937, "_timestamp": 1653463624, "_runtime": 52, "_step": 0}