{"Labels": {"_type": "images/separated", "width": 1600, "height": 1600, "format": "jpg", "count": 2, "filenames": ["media/images/Labels_0_7001be840832d69deab7.jpg", "media/images/Labels_0_f1cd8111274f5e713ebf.jpg"], "captions": ["labels.jpg", "labels_correlogram.jpg"]}, "train/box_loss": 0.02690436691045761, "train/obj_loss": 0.016262536868453026, "train/cls_loss": 0.0025711047928780317, "metrics/precision": 0.890408278926875, "metrics/recall": 0.7739079679955153, "metrics/mAP_0.5": 0.8464014656379621, "metrics/mAP_0.5:0.95": 0.5283997866133701, "val/box_loss": 0.03411407768726349, "val/obj_loss": 0.012738541699945927, "val/cls_loss": 0.005846348125487566, "x/lr0": 0.009815357410818409, "x/lr1": 0.009815357410818409, "x/lr2": 0.009815357410818409, "_timestamp": 1653466585, "_runtime": 2105, "_step": 185, "Mosaics": {"_type": "images/separated", "width": 1024, "height": 1024, "format": "jpg", "count": 3, "filenames": ["media/images/Mosaics_1_266a9e4ee611ab2b6910.jpg", "media/images/Mosaics_1_6b3aec0aeee37158b3ad.jpg", "media/images/Mosaics_1_e53bb18e8faf1c500ca2.jpg"], "captions": ["train_batch0.jpg", "train_batch1.jpg", "train_batch2.jpg"]}, "Validation": {"_type": "images/separated", "width": 1152, "height": 1152, "format": "jpg", "count": 6, "filenames": ["media/images/Validation_185_147d35b9890717c71892.jpg", "media/images/Validation_185_825e8324f4e90d17e557.jpg", "media/images/Validation_185_a5bc2d260e85710cdb32.jpg", "media/images/Validation_185_a8f255f704b984712eb9.jpg", "media/images/Validation_185_b23263120bd6d1cc1783.jpg", "media/images/Validation_185_66a49494224e356d9b8e.jpg"], "captions": ["val_batch0_labels.jpg", "val_batch0_pred.jpg", "val_batch1_labels.jpg", "val_batch1_pred.jpg", "val_batch2_labels.jpg", "val_batch2_pred.jpg"]}, "Results": {"_type": "images/separated", "width": 2400, "height": 1200, "format": "png", "count": 6, "filenames": ["media/images/Results_185_6efde65a83715ecdf8e2.png", "media/images/Results_185_ade374014b4e55d435a4.png", "media/images/Results_185_09a9f6868a2886008dff.png", "media/images/Results_185_f066adb87ba0fb48dfd3.png", "media/images/Results_185_5e3a3d5162d599336d28.png", "media/images/Results_185_a7f0fe3c6aebd5366ed5.png"], "captions": ["results.png", "confusion_matrix.png", "F1_curve.png", "PR_curve.png", "P_curve.png", "R_curve.png"]}, "_wandb": {"runtime": 2107}}