{"best/epoch": 145, "best/precision": 0.284328746881749, "best/recall": 0.4212376933895921, "best/mAP_0.5": 0.38450288363604507, "best/mAP_0.5:0.95": 0.24980771462301338, "Labels": {"_type": "images/separated", "width": 1600, "height": 1600, "format": "jpg", "count": 2, "filenames": ["media/images/Labels_0_ac7b2fa9481c94b569e8.jpg", "media/images/Labels_0_f1cd8111274f5e713ebf.jpg"], "captions": ["labels.jpg", "labels_correlogram.jpg"]}, "Mosaics": {"_type": "images/separated", "width": 1920, "height": 1920, "format": "jpg", "count": 3, "filenames": ["media/images/Mosaics_0_e504a80bc33806ee8966.jpg", "media/images/Mosaics_0_0755389c125e3f5e0d04.jpg", "media/images/Mosaics_0_a43a2eb3272f30620e5d.jpg"], "captions": ["train_batch0.jpg", "train_batch1.jpg", "train_batch2.jpg"]}, "train/box_loss": 0.020764147862792015, "train/obj_loss": 0.017242318019270897, "train/cls_loss": 0.0018207423854619265, "metrics/precision": 0.28440127503952556, "metrics/recall": 0.4212376933895921, "metrics/mAP_0.5": 0.384486859259976, "metrics/mAP_0.5:0.95": 0.249745955674113, "val/box_loss": 0.029352447018027306, "val/obj_loss": 0.012309549376368523, "val/cls_loss": 0.07383634895086288, "x/lr0": 0.0087922, "x/lr1": 0.0087922, "x/lr2": 0.0087922, "_timestamp": 1653652582, "_runtime": 3129, "_step": 246, "BoundingBoxDebugger": {"_type": "images/separated", "width": 544, "height": 544, "format": "png", "count": 16, "filenames": ["media/images/BoundingBoxDebugger_199_2ffde13a47f5f84fa2a1.png", "media/images/BoundingBoxDebugger_199_b66f08658dad8dd67993.png", "media/images/BoundingBoxDebugger_199_081b54e0fd9418e0af67.png", "media/images/BoundingBoxDebugger_199_aefe802016c300d8ed7c.png", "media/images/BoundingBoxDebugger_199_ae2fb30f4ae81c13e860.png", "media/images/BoundingBoxDebugger_199_c67316b064f01c4b8d9b.png", "media/images/BoundingBoxDebugger_199_7132005ec967fa88c424.png", "media/images/BoundingBoxDebugger_199_4a737ec575f843eb2d20.png", "media/images/BoundingBoxDebugger_199_50f38ae55c2ad0e458e4.png", "media/images/BoundingBoxDebugger_199_97921a399d646a226df5.png", "media/images/BoundingBoxDebugger_199_8791c4e5772c9111da82.png", "media/images/BoundingBoxDebugger_199_80e0b7dbea7a2418adef.png", "media/images/BoundingBoxDebugger_199_07ebbde53087631a5e9b.png", "media/images/BoundingBoxDebugger_199_fcf45b34a5fc406457fb.png", "media/images/BoundingBoxDebugger_199_ad55fd197fc29b2d845a.png", "media/images/BoundingBoxDebugger_199_9f17d261d4cb62daf70e.png"], "captions": ["EXPORT_E_286_Emergency^286_20211111132401_002.tif", "EXPORT_PUNN02031432_Unnamed 191^^_20220203143229_074.tif", "EXPORT_PUNN02031432_Unnamed 191^^_20220203143229_072.tif", "EXPORT_PUNN02031432_Unnamed 191^^_20220203143229_071.tif", "EXPORT_PUNN02031432_Unnamed 191^^_20220203143229_070.tif", "EXPORT_PUNN02031432_Unnamed 191^^_20220203143229_068.tif", "EXPORT_PUNN02031432_Unnamed 191^^_20220203143229_065.tif", "EXPORT_PUNN02031432_Unnamed 191^^_20220203143229_061.tif", "EXPORT_PUNN02031432_Unnamed 191^^_20220203143229_060.tif", "EXPORT_PUNN02031432_Unnamed 191^^_20220203143229_053.tif", "EXPORT_PUNN02031432_Unnamed 191^^_20220203143229_048.tif", "EXPORT_PUNN02031432_Unnamed 191^^_20220203143229_047.tif", "EXPORT_PUNN02031432_Unnamed 191^^_20220203143229_045.tif", "EXPORT_PUNN02031432_Unnamed 191^^_20220203143229_044.tif", "EXPORT_PUNN02031432_Unnamed 191^^_20220203143229_075.tif", "EXPORT_PUNN02031432_Unnamed 191^^_20220203143229_076.tif"], "all_boxes": [{"predictions": {"_type": "boxes2D", "sha256": "a38772d1ca59f4d03465ef8cdd3f7665d3222b1e3af98534da8ff5196e46dcf3", "size": 1564, "path": "media/metadata/boxes2D/BoundingBoxDebugger_199_a38772d1ca59f4d03465.boxes2D.json"}}, {"predictions": {"_type": "boxes2D", "sha256": "a6b113328a18f515cd7e7594288bd3433728f69c589aa8312bb73c4fbdcb2c3f", "size": 1173, "path": "media/metadata/boxes2D/BoundingBoxDebugger_199_a6b113328a18f515cd7e.boxes2D.json"}}, {"predictions": {"_type": "boxes2D", "sha256": "0f4b401ec0a727e598887ad9e0ad8291b46ade9ff327d7cf0dda1581cb5f45af", "size": 2344, "path": "media/metadata/boxes2D/BoundingBoxDebugger_199_0f4b401ec0a727e59888.boxes2D.json"}}, {"predictions": {"_type": "boxes2D", "sha256": "7445b570f3e0c7df4662f41524580ee7b1136eb6febfc061b9a826f984d6f48f", "size": 1010, "path": "media/metadata/boxes2D/BoundingBoxDebugger_199_7445b570f3e0c7df4662.boxes2D.json"}}, {"predictions": {"_type": "boxes2D", "sha256": "7e33651ded472c05e6ca9f90fc57ebca23bce05ed6e7f7709f842c97403d6208", "size": 621, "path": "media/metadata/boxes2D/BoundingBoxDebugger_199_7e33651ded472c05e6ca.boxes2D.json"}}, {"predictions": {"_type": "boxes2D", "sha256": "46ce6e59482729935b380f05a428b8c46ab8487b840b9fe176885523c2e4ba2f", "size": 3063, "path": "media/metadata/boxes2D/BoundingBoxDebugger_199_46ce6e59482729935b38.boxes2D.json"}}, {"predictions": {"_type": "boxes2D", "sha256": "7eb4e263d544058a6c5fd0d3d2a210bd73f5f233a6bdcb36f44fafcb8927ade7", "size": 2291, "path": "media/metadata/boxes2D/BoundingBoxDebugger_199_7eb4e263d544058a6c5f.boxes2D.json"}}, {"predictions": {"_type": "boxes2D", "sha256": "176f45178470c5cf3b3c3e9258de2fa00b75a214933346e0182570b10729c531", "size": 987, "path": "media/metadata/boxes2D/BoundingBoxDebugger_199_176f45178470c5cf3b3c.boxes2D.json"}}, {"predictions": {"_type": "boxes2D", "sha256": "2acff2bad8b7c89f7eec4c2fd3eb3589b19d321df994b70b054780876a6c2c06", "size": 804, "path": "media/metadata/boxes2D/BoundingBoxDebugger_199_2acff2bad8b7c89f7eec.boxes2D.json"}}, {"predictions": {"_type": "boxes2D", "sha256": "2337f09ae0dd269e2a16c5e735402af2b197e9bae3f8a70b2a37e5f73fe9ea8d", "size": 2130, "path": "media/metadata/boxes2D/BoundingBoxDebugger_199_2337f09ae0dd269e2a16.boxes2D.json"}}, {"predictions": {"_type": "boxes2D", "sha256": "67796e36732abe9e3c4265afbb568e6ba204d9f03dc7581eb0a846b089d9981a", "size": 1546, "path": "media/metadata/boxes2D/BoundingBoxDebugger_199_67796e36732abe9e3c42.boxes2D.json"}}, {"predictions": {"_type": "boxes2D", "sha256": "d93c1fcd7cd3bc516a69d6d482f5a1425591b0053d3556c3232fd9b552f7ca54", "size": 1548, "path": "media/metadata/boxes2D/BoundingBoxDebugger_199_d93c1fcd7cd3bc516a69.boxes2D.json"}}, {"predictions": {"_type": "boxes2D", "sha256": "35748fe81b685fa45718f737dc49a7bab3e152481b8d4a9766bfe517431d2cb8", "size": 3262, "path": "media/metadata/boxes2D/BoundingBoxDebugger_199_35748fe81b685fa45718.boxes2D.json"}}, {"predictions": {"_type": "boxes2D", "sha256": "b0dbe20702e3d726554e3c6385b7f2f7458d3f433944f4f98c79cd298d058869", "size": 3457, "path": "media/metadata/boxes2D/BoundingBoxDebugger_199_b0dbe20702e3d726554e.boxes2D.json"}}, {"predictions": {"_type": "boxes2D", "sha256": "df8842386bd0395e050a5791926aa32fa00b678d898f5e41d2a0bccaff4d4c46", "size": 811, "path": "media/metadata/boxes2D/BoundingBoxDebugger_199_df8842386bd0395e050a.boxes2D.json"}}, {"predictions": {"_type": "boxes2D", "sha256": "ee16238869d10e7f2eb67c7c17b753ba74ef39a55c112149efcabfa955542d72", "size": 1187, "path": "media/metadata/boxes2D/BoundingBoxDebugger_199_ee16238869d10e7f2eb6.boxes2D.json"}}]}, "Validation": {"_type": "images/separated", "width": 1920, "height": 1920, "format": "jpg", "count": 6, "filenames": ["media/images/Validation_246_baabc9adba1d5d443f35.jpg", "media/images/Validation_246_d7eb22541de5dd6f90ec.jpg", "media/images/Validation_246_68f35e5cec340ead13b6.jpg", "media/images/Validation_246_3b30936d3ab9fb7b8f83.jpg", "media/images/Validation_246_e1dccce6d76cdd851ffd.jpg", "media/images/Validation_246_e2b60f3d2fbaf79cd7b1.jpg"], "captions": ["val_batch0_labels.jpg", "val_batch0_pred.jpg", "val_batch1_labels.jpg", "val_batch1_pred.jpg", "val_batch2_labels.jpg", "val_batch2_pred.jpg"]}, "Results": {"_type": "images/separated", "width": 2400, "height": 1200, "format": "png", "count": 6,