{"Labels": {"_type": "images/separated", "width": 2000, "height": 2000, "format": "png", "count": 2, "filenames": ["media/images/Labels_0_59051c6a59292b25804d.png", "media/images/Labels_0_ae47d5e768cc3c6f69f9.png"], "captions": ["labels_correlogram.png", "labels.png"]}, "_timestamp": 1653476470, "_runtime": 3448, "_step": 3888, "Mosaics": {"_type": "images/separated", "width": 1024, "height": 1024, "format": "jpg", "count": 3, "filenames": ["media/images/Mosaics_1_70d31a1a96caa3362667.jpg", "media/images/Mosaics_1_0d739802ef67ebd86ed3.jpg", "media/images/Mosaics_1_7ab7f8da3275f712ae1f.jpg"], "captions": ["train_batch2.jpg", "train_batch1.jpg", "train_batch0.jpg"]}, "train/box_loss": 0.0363464392721653, "train/obj_loss": 0.07323674112558365, "train/cls_loss": 0.0028468300588428974, "metrics/precision": 0.5368520653823363, "metrics/recall": 0.8417295536635707, "metrics/mAP_0.5": 0.8327999396662078, "metrics/mAP_0.5:0.95": 0.486746831475865, "val/box_loss": 0.03738332539796829, "val/obj_loss": 0.05519828945398331, "val/cls_loss": 0.002932557836174965, "x/lr0": 0.0010022204783542079, "x/lr1": 0.0010022204783542079, "x/lr2": 0.0010022204783542079, "_wandb": {"runtime": 3457}}