{"Labels": {"_type": "images/separated", "width": 2000, "height": 2000, "format": "png", "count": 2, "filenames": ["media/images/Labels_0_59051c6a59292b25804d.png", "media/images/Labels_0_ae47d5e768cc3c6f69f9.png"], "captions": ["labels_correlogram.png", "labels.png"]}, "_timestamp": 1653656538, "_runtime": 3497, "_step": 3888, "Mosaics": {"_type": "images/separated", "width": 1024, "height": 1024, "format": "jpg", "count": 3, "filenames": ["media/images/Mosaics_1_5cb576788b1ee9438da9.jpg", "media/images/Mosaics_1_f9ae3e33b83fe9ceafe4.jpg", "media/images/Mosaics_1_7ab7f8da3275f712ae1f.jpg"], "captions": ["train_batch2.jpg", "train_batch1.jpg", "train_batch0.jpg"]}, "train/box_loss": 0.03697975352406502, "train/obj_loss": 0.07211751490831375, "train/cls_loss": 0.0026601713616400957, "metrics/precision": 0.538103520994839, "metrics/recall": 0.8644361752798285, "metrics/mAP_0.5": 0.847007263157199, "metrics/mAP_0.5:0.95": 0.4964424270125598, "val/box_loss": 0.036715101450681686, "val/obj_loss": 0.05381827801465988, "val/cls_loss": 0.0026663413736969233, "x/lr0": 0.0010022204783542079, "x/lr1": 0.0010022204783542079, "x/lr2": 0.0010022204783542079, "_wandb": {"runtime": 3508}}